B(mT),T(mK)
0.000450465,650
0.003453562,600
0.008558828,500
0.013063475,400
0.01726781,300
0.021171838,200
0.023574317,100